Date,open,high,low,close,volume,dividends,splits
2021-01-14,23.09000015258789,24.040000915527344,23.040000915527344,23.709999084472656,7846000,0.0,0.0
2021-01-15,23.15999984741211,23.3799991607666,22.3700008392334,22.8700008392334,6391600,0.0,0.0
2021-01-19,23.010000228881836,23.1200008392334,22.600000381469727,22.8700008392334,12059900,0.0,0.0
2021-01-20,23.059999465942383,23.139999389648438,22.540000915527344,22.889999389648438,7008500,0.0,0.0
2021-01-21,22.43000030517578,23.8799991607666,22.18000030517578,22.549999237060547,10725400,0.0,0.0
2021-01-22,22.18000030517578,22.3799991607666,21.68000030517578,22.170000076293945,7016000,0.0,0.0
2021-01-25,21.90999984741211,21.90999984741211,20.709999084472656,21.049999237060547,8287300,0.0,0.0
2021-01-26,21.3799991607666,21.709999084472656,20.540000915527344,20.610000610351562,7515700,0.0,0.0
2021-01-27,20.360000610351562,21.149999618530273,19.65999984741211,20.40999984741211,7279200,0.0,0.0
2021-01-28,20.690000534057617,20.790000915527344,20.09000015258789,20.600000381469727,5261100,0.0,0.0
2021-01-29,20.3799991607666,20.809999465942383,19.93000030517578,20.09000015258789,7079100,0.0,0.0
2021-02-01,20.3700008392334,20.5,19.950000762939453,20.309999465942383,3956500,0.0,0.0
2021-02-02,20.809999465942383,20.979999542236328,20.309999465942383,20.389999389648438,4098500,0.0,0.0
2021-02-03,20.40999984741211,21.459999084472656,20.40999984741211,21.399999618530273,4688300,0.0,0.0
2021-02-04,21.5,22.3799991607666,21.190000534057617,22.360000610351562,7338200,0.0,0.0
2021-02-05,22.780000686645508,22.81999969482422,21.8799991607666,22.079999923706055,4783200,0.0,0.0
2021-02-08,22.170000076293945,22.81999969482422,22.09000015258789,22.549999237060547,4331200,0.18,0.0
2021-02-09,22.350000381469727,22.520000457763672,22.079999923706055,22.270000457763672,4252400,0.0,0.0
2021-02-10,22.40999984741211,23.059999465942383,22.200000762939453,23.010000228881836,6245200,0.0,0.0
2021-02-11,22.81999969482422,22.850000381469727,22.020000457763672,22.530000686645508,5500600,0.0,0.0
2021-02-12,22.329999923706055,22.84000015258789,22.229999542236328,22.700000762939453,4895800,0.0,0.0
2021-02-16,23.190000534057617,23.610000610351562,23.049999237060547,23.229999542236328,7240700,0.0,0.0
2021-02-17,23.40999984741211,23.6200008392334,23.18000030517578,23.549999237060547,5462700,0.0,0.0
2021-02-18,23.459999084472656,23.479999542236328,23.030000686645508,23.079999923706055,5053000,0.0,0.0
2021-02-19,23.06999969482422,23.65999984741211,23.06999969482422,23.399999618530273,4616800,0.0,0.0
2021-02-22,23.43000030517578,24.639999389648438,23.25,24.1299991607666,6767800,0.0,0.0
2021-02-23,24.209999084472656,24.440000534057617,23.270000457763672,23.90999984741211,6420700,0.0,0.0
2021-02-24,24.0,25.31999969482422,23.940000534057617,25.149999618530273,7150300,0.0,0.0
2021-02-25,25.459999084472656,25.639999389648438,24.43000030517578,24.729999542236328,6680300,0.0,0.0
2021-02-26,24.34000015258789,24.729999542236328,23.5,24.479999542236328,10833100,0.0,0.0
2021-03-01,24.75,25.440000534057617,24.65999984741211,24.979999542236328,11466200,0.0,0.0
2021-03-02,24.8700008392334,25.399999618530273,24.270000457763672,24.3700008392334,10530300,0.0,0.0
2021-03-03,24.549999237060547,24.719999313354492,24.290000915527344,24.459999084472656,11263200,0.0,0.0
2021-03-04,24.389999389648438,24.690000534057617,23.0,24.030000686645508,12831900,0.0,0.0
2021-03-05,24.510000228881836,24.780000686645508,22.549999237060547,24.350000381469727,13361500,0.0,0.0
2021-03-08,24.5,24.549999237060547,23.559999465942383,24.329999923706055,9542700,0.0,0.0
2021-03-09,24.229999542236328,24.719999313354492,23.670000076293945,23.950000762939453,8403400,0.0,0.0
2021-03-10,23.90999984741211,24.520000457763672,23.799999237060547,24.3799991607666,7699500,0.0,0.0
2021-03-11,24.399999618530273,24.90999984741211,24.1200008392334,24.15999984741211,8986000,0.0,0.0
2021-03-12,24.270000457763672,24.440000534057617,24.040000915527344,24.3700008392334,7763100,0.0,0.0
2021-03-15,24.579999923706055,24.850000381469727,24.09000015258789,24.219999313354492,5931300,0.0,0.0
2021-03-16,23.75,23.989999771118164,22.989999771118164,23.020000457763672,9156300,0.0,0.0
2021-03-17,22.920000076293945,24.030000686645508,22.8799991607666,23.979999542236328,9413100,0.0,0.0
2021-03-18,23.81999969482422,24.360000610351562,22.799999237060547,22.979999542236328,9264800,0.0,0.0
2021-03-19,22.6299991607666,23.25,22.360000610351562,22.6200008392334,21924200,0.0,0.0
2021-03-22,22.440000534057617,22.56999969482422,22.010000228881836,22.309999465942383,9762600,0.0,0.0
2021-03-23,21.90999984741211,22.239999771118164,21.520000457763672,21.690000534057617,8149000,0.0,0.0
2021-03-24,22.0,22.25,21.889999389648438,22.06999969482422,7478900,0.0,0.0
2021-03-25,21.639999389648438,21.770000457763672,20.709999084472656,21.530000686645508,9500900,0.0,0.0
2021-03-26,21.950000762939453,22.360000610351562,21.739999771118164,22.34000015258789,6041200,0.0,0.0
2021-03-29,22.190000534057617,22.540000915527344,21.90999984741211,22.15999984741211,6771200,0.0,0.0
2021-03-30,21.8700008392334,22.239999771118164,21.65999984741211,21.729999542236328,5138800,0.0,0.0
2021-03-31,21.700000762939453,21.829999923706055,21.469999313354492,21.610000610351562,5308500,0.0,0.0
2021-04-01,21.6200008392334,21.729999542236328,21.1299991607666,21.729999542236328,9454000,0.0,0.0
2021-04-05,21.729999542236328,21.729999542236328,21.18000030517578,21.40999984741211,5387800,0.0,0.0
2021-04-06,21.489999771118164,21.860000610351562,21.219999313354492,21.25,8315300,0.0,0.0
2021-04-07,21.329999923706055,21.68000030517578,21.149999618530273,21.43000030517578,6556900,0.0,0.0
2021-04-08,21.149999618530273,21.25,20.280000686645508,20.709999084472656,13464400,0.0,0.0
2021-04-09,20.739999771118164,20.75,19.860000610351562,20.110000610351562,11896400,0.0,0.0
2021-04-12,20.329999923706055,20.479999542236328,19.93000030517578,20.09000015258789,8244000,0.0,0.0
2021-04-13,19.8700008392334,20.209999084472656,19.68000030517578,19.8799991607666,8779000,0.0,0.0
2021-04-14,20.079999923706055,20.729999542236328,20.059999465942383,20.350000381469727,10735900,0.0,0.0
2021-04-15,20.299999237060547,20.3700008392334,19.799999237060547,19.899999618530273,7231000,0.0,0.0
2021-04-16,20.110000610351562,20.270000457763672,19.860000610351562,20.100000381469727,7861500,0.0,0.0
2021-04-19,20.3799991607666,20.510000228881836,19.950000762939453,20.030000686645508,6892800,0.0,0.0
2021-04-20,19.809999465942383,19.959999084472656,19.25,19.510000228881836,13491800,0.0,0.0
2021-04-21,18.979999542236328,19.610000610351562,18.75,19.549999237060547,11208100,0.0,0.0
2021-04-22,19.530000686645508,20.100000381469727,19.530000686645508,19.81999969482422,9291700,0.0,0.0
2021-04-23,19.850000381469727,20.229999542236328,19.610000610351562,20.010000228881836,8240500,0.0,0.0
2021-04-26,20.209999084472656,20.40999984741211,20.020000457763672,20.139999389648438,8211100,0.0,0.0
2021-04-27,20.329999923706055,20.350000381469727,19.56999969482422,19.920000076293945,8295100,0.0,0.0
2021-04-28,20.09000015258789,20.440000534057617,19.950000762939453,20.25,9709500,0.0,0.0
2021-04-29,20.469999313354492,20.649999618530273,20.09000015258789,20.540000915527344,12228000,0.0,0.0
2021-04-30,20.25,20.709999084472656,20.06999969482422,20.079999923706055,11436600,0.0,0.0
2021-05-03,20.579999923706055,21.950000762939453,20.540000915527344,21.690000534057617,10171700,0.0,0.0
2021-05-04,21.729999542236328,22.030000686645508,21.520000457763672,21.56999969482422,10941900,0.0,0.0
2021-05-05,21.889999389648438,22.719999313354492,21.709999084472656,22.600000381469727,17918100,0.0,0.0
2021-05-06,22.920000076293945,23.110000610351562,22.40999984741211,23.06999969482422,10928300,0.0,0.0
2021-05-07,22.59000015258789,24.760000228881836,22.59000015258789,24.6299991607666,15966400,0.0,0.0
2021-05-10,24.639999389648438,25.229999542236328,24.59000015258789,24.6299991607666,12150300,0.0,0.0
2021-05-11,24.030000686645508,25.309999465942383,24.030000686645508,24.809999465942383,13119300,0.0,0.0
2021-05-12,24.940000534057617,25.229999542236328,23.90999984741211,23.969999313354492,11932700,0.0,0.0
2021-05-13,23.829999923706055,24.84000015258789,23.549999237060547,24.350000381469727,13209800,0.0,0.0
2021-05-14,24.540000915527344,25.229999542236328,24.530000686645508,25.100000381469727,7097800,0.0,0.0
2021-05-17,24.8700008392334,26.389999389648438,24.8700008392334,26.309999465942383,7559700,0.0,0.0
2021-05-18,26.399999618530273,26.56999969482422,25.75,25.809999465942383,8940600,0.0,0.0
2021-05-19,25.350000381469727,25.489999771118164,24.579999923706055,25.229999542236328,8870400,0.0,0.0
2021-05-20,25.100000381469727,25.469999313354492,24.709999084472656,25.389999389648438,6086400,0.0,0.0
2021-05-21,25.520000457763672,25.65999984741211,25.170000076293945,25.540000915527344,6377900,0.0,0.0
2021-05-24,25.549999237060547,25.59000015258789,25.059999465942383,25.149999618530273,6439100,0.18,0.0
2021-05-25,25.0,25.170000076293945,24.079999923706055,24.139999389648438,8973000,0.0,0.0
2021-05-26,24.06999969482422,24.440000534057617,23.90999984741211,24.170000076293945,10776500,0.0,0.0
2021-05-27,24.40999984741211,24.799999237060547,24.270000457763672,24.34000015258789,14682000,0.0,0.0
2021-05-28,24.350000381469727,24.479999542236328,24.079999923706055,24.399999618530273,5327200,0.0,0.0
2021-06-01,24.979999542236328,25.68000030517578,24.829999923706055,25.520000457763672,6747800,0.0,0.0
2021-06-02,25.65999984741211,26.40999984741211,25.299999237060547,26.270000457763672,10875200,0.0,0.0
2021-06-03,26.110000610351562,26.280000686645508,25.729999542236328,25.860000610351562,9880900,0.0,0.0
2021-06-04,26.040000915527344,26.170000076293945,25.239999771118164,26.020000457763672,9386500,0.0,0.0
2021-06-07,26.06999969482422,26.209999084472656,25.770000457763672,25.940000534057617,6010300,0.0,0.0
2021-06-08,25.65999984741211,26.030000686645508,25.450000762939453,25.950000762939453,5380600,0.0,0.0
2021-06-09,26.09000015258789,26.15999984741211,25.809999465942383,25.809999465942383,6734300,0.0,0.0
2021-06-10,26.110000610351562,26.229999542236328,25.06999969482422,25.510000228881836,5495300,0.0,0.0
2021-06-11,25.729999542236328,26.0,25.520000457763672,25.90999984741211,5336400,0.0,0.0
2021-06-14,25.770000457763672,25.790000915527344,24.510000228881836,24.739999771118164,12729100,0.0,0.0
2021-06-15,24.770000457763672,25.15999984741211,24.729999542236328,24.950000762939453,6793200,0.0,0.0
2021-06-16,24.860000610351562,25.110000610351562,24.469999313354492,24.700000762939453,5751800,0.0,0.0
2021-06-17,24.709999084472656,24.799999237060547,23.459999084472656,23.979999542236328,9587500,0.0,0.0
2021-06-18,23.149999618530273,23.540000915527344,22.670000076293945,22.670000076293945,15598600,0.0,0.0
2021-06-21,22.950000762939453,23.940000534057617,22.950000762939453,23.84000015258789,7037000,0.0,0.0
2021-06-22,23.700000762939453,24.0,23.5,23.889999389648438,4707500,0.0,0.0
2021-06-23,24.0,24.270000457763672,23.239999771118164,23.329999923706055,8607700,0.0,0.0
2021-06-24,23.549999237060547,23.639999389648438,23.270000457763672,23.549999237060547,5500000,0.0,0.0
2021-06-25,23.530000686645508,23.68000030517578,23.25,23.549999237060547,6949300,0.0,0.0
2021-06-28,23.479999542236328,23.549999237060547,22.510000228881836,22.649999618530273,6832200,0.0,0.0
2021-06-29,22.860000610351562,23.06999969482422,22.649999618530273,22.68000030517578,4428400,0.0,0.0
2021-06-30,22.799999237060547,23.139999389648438,22.649999618530273,22.8700008392334,5793900,0.0,0.0
2021-07-01,23.459999084472656,23.760000228881836,23.299999237060547,23.540000915527344,7101700,0.0,0.0
2021-07-02,23.280000686645508,23.6299991607666,22.979999542236328,23.549999237060547,8048600,0.0,0.0
2021-07-06,23.5,23.530000686645508,22.309999465942383,22.40999984741211,11507900,0.0,0.0
2021-07-07,22.25,22.719999313354492,21.889999389648438,22.260000228881836,6672500,0.0,0.0
2021-07-08,21.81999969482422,22.31999969482422,21.719999313354492,21.969999313354492,6812900,0.0,0.0
2021-07-09,22.40999984741211,22.84000015258789,22.149999618530273,22.729999542236328,5645400,0.0,0.0
2021-07-12,22.479999542236328,23.139999389648438,22.200000762939453,23.020000457763672,6280300,0.0,0.0
2021-07-13,22.790000915527344,22.899999618530273,22.31999969482422,22.3700008392334,6424500,0.0,0.0
2021-07-14,22.6200008392334,22.81999969482422,21.520000457763672,21.670000076293945,5889000,0.0,0.0
2021-07-15,21.350000381469727,21.84000015258789,21.139999389648438,21.219999313354492,5717000,0.0,0.0
2021-07-16,21.469999313354492,21.469999313354492,20.43000030517578,20.600000381469727,5716600,0.0,0.0
2021-07-19,19.959999084472656,20.139999389648438,19.3700008392334,19.649999618530273,9150800,0.0,0.0
2021-07-20,19.520000457763672,20.229999542236328,19.299999237060547,20.040000915527344,9298200,0.0,0.0
2021-07-21,20.600000381469727,20.719999313354492,19.229999542236328,20.229999542236328,14733900,0.0,0.0
2021-07-22,20.229999542236328,20.309999465942383,19.59000015258789,19.8799991607666,9036000,0.0,0.0
2021-07-23,20.0,20.440000534057617,19.799999237060547,20.209999084472656,12320700,0.0,0.0
2021-07-26,20.280000686645508,21.0,20.209999084472656,20.889999389648438,10035200,0.0,0.0
2021-07-27,20.610000610351562,20.860000610351562,20.40999984741211,20.670000076293945,8094200,0.0,0.0
2021-07-28,20.739999771118164,21.209999084472656,20.43000030517578,21.0,8987000,0.0,0.0
2021-07-29,21.239999771118164,21.549999237060547,21.059999465942383,21.18000030517578,5337600,0.0,0.0
2021-07-30,21.049999237060547,21.739999771118164,21.020000457763672,21.239999771118164,11243900,0.0,0.0
2021-08-02,21.270000457763672,21.90999984741211,20.739999771118164,20.860000610351562,8021100,0.0,0.0
2021-08-03,20.8700008392334,21.31999969482422,20.399999618530273,21.309999465942383,4987700,0.0,0.0
2021-08-04,20.899999618530273,21.18000030517578,20.610000610351562,20.6299991607666,6517200,0.0,0.0
2021-08-05,20.81999969482422,20.989999771118164,20.40999984741211,20.860000610351562,4565600,0.0,0.0
2021-08-06,21.139999389648438,21.329999923706055,20.84000015258789,21.190000534057617,6393300,0.0,0.0
2021-08-09,20.670000076293945,21.260000228881836,20.420000076293945,21.09000015258789,8412600,0.18,0.0
2021-08-10,21.219999313354492,21.6200008392334,21.100000381469727,21.360000610351562,5117700,0.0,0.0
2021-08-11,21.280000686645508,21.649999618530273,20.959999084472656,21.510000228881836,3795000,0.0,0.0
2021-08-12,21.489999771118164,21.700000762939453,21.0,21.350000381469727,3606500,0.0,0.0
2021-08-13,21.40999984741211,21.90999984741211,21.209999084472656,21.65999984741211,6768900,0.0,0.0
2021-08-16,21.31999969482422,21.43000030517578,20.989999771118164,21.280000686645508,5816900,0.0,0.0
2021-08-17,21.559999465942383,21.829999923706055,21.09000015258789,21.389999389648438,6558400,0.0,0.0
2021-08-18,21.420000076293945,21.90999984741211,21.1299991607666,21.18000030517578,5460100,0.0,0.0
2021-08-19,20.809999465942383,20.8700008392334,19.84000015258789,20.190000534057617,8616600,0.0,0.0
2021-08-20,19.93000030517578,20.6299991607666,19.850000381469727,20.43000030517578,9542600,0.0,0.0
2021-08-23,20.969999313354492,21.649999618530273,20.940000534057617,21.520000457763672,7157000,0.0,0.0
2021-08-24,21.739999771118164,22.309999465942383,21.68000030517578,22.190000534057617,6738500,0.0,0.0
2021-08-25,22.190000534057617,22.530000686645508,22.0,22.360000610351562,5003700,0.0,0.0
2021-08-26,22.200000762939453,22.489999771118164,22.110000610351562,22.299999237060547,7989200,0.0,0.0
2021-08-27,22.549999237060547,23.260000228881836,22.549999237060547,23.06999969482422,6249800,0.0,0.0
2021-08-30,23.209999084472656,23.31999969482422,22.760000228881836,22.799999237060547,4520300,0.0,0.0
2021-08-31,22.709999084472656,22.989999771118164,22.670000076293945,22.780000686645508,7632600,0.0,0.0
2021-09-01,22.700000762939453,22.860000610351562,22.43000030517578,22.5,4302700,0.0,0.0
2021-09-02,22.739999771118164,23.459999084472656,22.65999984741211,23.350000381469727,5143400,0.0,0.0
2021-09-03,23.309999465942383,23.59000015258789,23.079999923706055,23.15999984741211,3041100,0.0,0.0
2021-09-07,23.049999237060547,23.389999389648438,22.790000915527344,23.020000457763672,5624200,0.0,0.0
2021-09-08,23.170000076293945,23.290000915527344,22.6200008392334,22.709999084472656,4514200,0.0,0.0
2021-09-09,22.729999542236328,23.809999465942383,22.68000030517578,23.510000228881836,7831200,0.0,0.0
2021-09-10,23.850000381469727,24.110000610351562,23.59000015258789,23.860000610351562,7367800,0.0,0.0
2021-09-13,24.280000686645508,24.6200008392334,24.190000534057617,24.389999389648438,7840700,0.0,0.0
2021-09-14,24.610000610351562,24.649999618530273,24.110000610351562,24.34000015258789,7745400,0.0,0.0
2021-09-15,24.610000610351562,25.479999542236328,24.459999084472656,25.1299991607666,13137400,0.0,0.0
2021-09-16,24.93000030517578,25.190000534057617,24.1200008392334,24.389999389648438,8721700,0.0,0.0
2021-09-17,24.290000915527344,24.350000381469727,23.809999465942383,23.940000534057617,30925500,0.0,0.0
2021-09-20,23.020000457763672,23.299999237060547,22.540000915527344,22.8799991607666,10931700,0.0,0.0
2021-09-21,23.1200008392334,23.40999984741211,22.75,23.239999771118164,10417300,0.0,0.0
2021-09-22,23.799999237060547,24.100000381469727,23.40999984741211,23.440000534057617,8430700,0.0,0.0
2021-09-23,23.5,24.360000610351562,23.3700008392334,24.040000915527344,10449200,0.0,0.0
2021-09-24,23.799999237060547,24.399999618530273,23.709999084472656,24.219999313354492,6938300,0.0,0.0
2021-09-27,24.790000915527344,25.18000030517578,24.739999771118164,24.920000076293945,10096300,0.0,0.0
2021-09-28,25.219999313354492,25.8700008392334,24.790000915527344,24.920000076293945,11749600,0.0,0.0
2021-09-29,24.899999618530273,25.3700008392334,24.649999618530273,25.049999237060547,8202800,0.0,0.0
2021-09-30,24.799999237060547,25.1299991607666,24.549999237060547,24.729999542236328,9607600,0.0,0.0
2021-10-01,24.920000076293945,25.299999237060547,24.610000610351562,25.18000030517578,7791100,0.0,0.0
2021-10-04,25.329999923706055,25.81999969482422,25.219999313354492,25.450000762939453,11063100,0.0,0.0
2021-10-05,25.770000457763672,25.950000762939453,25.030000686645508,25.34000015258789,7280700,0.0,0.0
2021-10-06,24.8700008392334,25.030000686645508,24.020000457763672,24.780000686645508,12159400,0.0,0.0
2021-10-07,24.84000015258789,25.229999542236328,24.559999465942383,24.790000915527344,9940400,0.0,0.0
2021-10-08,24.989999771118164,25.389999389648438,24.809999465942383,25.239999771118164,7635600,0.0,0.0
2021-10-11,25.420000076293945,26.040000915527344,25.280000686645508,25.450000762939453,8780200,0.0,0.0
2021-10-12,25.3799991607666,25.8700008392334,25.1200008392334,25.75,10808200,0.0,0.0
2021-10-13,25.399999618530273,26.3799991607666,25.399999618530273,26.25,10051700,0.0,0.0
2021-10-14,26.530000686645508,26.84000015258789,26.239999771118164,26.829999923706055,8306400,0.0,0.0
2021-10-15,27.209999084472656,27.65999984741211,26.739999771118164,26.889999389648438,13012700,0.0,0.0
2021-10-18,27.219999313354492,27.219999313354492,26.6200008392334,26.959999084472656,12523600,0.0,0.0
2021-10-19,27.110000610351562,27.170000076293945,26.559999465942383,26.8700008392334,12608000,0.0,0.0
2021-10-20,26.68000030517578,26.68000030517578,24.709999084472656,25.350000381469727,23532100,0.0,0.0
2021-10-21,25.280000686645508,25.309999465942383,23.950000762939453,24.270000457763672,17613600,0.0,0.0
2021-10-22,24.18000030517578,24.780000686645508,24.15999984741211,24.639999389648438,10298300,0.0,0.0
2021-10-25,24.989999771118164,25.219999313354492,24.59000015258789,25.15999984741211,15603000,0.0,0.0
2021-10-26,25.309999465942383,26.059999465942383,25.260000228881836,25.690000534057617,13011800,0.0,0.0
2021-10-27,25.360000610351562,25.530000686645508,24.8700008392334,25.010000228881836,9178800,0.0,0.0
2021-10-28,24.8700008392334,25.3799991607666,24.850000381469727,25.3700008392334,8114500,0.0,0.0
2021-10-29,25.360000610351562,25.3700008392334,24.969999313354492,25.079999923706055,8744700,0.0,0.0
2021-11-01,25.1299991607666,25.850000381469727,25.110000610351562,25.809999465942383,6731300,0.18,0.0
2021-11-02,25.709999084472656,25.920000076293945,25.489999771118164,25.899999618530273,9127100,0.0,0.0
2021-11-03,25.389999389648438,26.09000015258789,25.309999465942383,25.329999923706055,7575000,0.0,0.0
2021-11-04,25.719999313354492,25.920000076293945,24.790000915527344,24.940000534057617,9392800,0.0,0.0
2021-11-05,25.280000686645508,25.450000762939453,24.790000915527344,24.799999237060547,6758600,0.0,0.0
2021-11-08,24.959999084472656,25.200000762939453,24.389999389648438,24.899999618530273,8347100,0.0,0.0
2021-11-09,24.920000076293945,25.299999237060547,24.510000228881836,25.280000686645508,7184400,0.0,0.0
2021-11-10,25.010000228881836,25.31999969482422,23.989999771118164,24.079999923706055,7531700,0.0,0.0
2021-11-11,24.139999389648438,24.40999984741211,24.06999969482422,24.34000015258789,4447100,0.0,0.0
2021-11-12,24.18000030517578,24.6299991607666,24.079999923706055,24.360000610351562,5480500,0.0,0.0
2021-11-15,24.450000762939453,24.780000686645508,24.09000015258789,24.729999542236328,6228400,0.0,0.0
2021-11-16,24.860000610351562,25.559999465942383,24.6200008392334,25.219999313354492,7896900,0.0,0.0
2021-11-17,24.889999389648438,25.139999389648438,24.270000457763672,24.34000015258789,8713000,0.0,0.0
2021-11-18,24.360000610351562,24.479999542236328,23.6200008392334,23.93000030517578,6362500,0.0,0.0
2021-11-19,23.219999313354492,23.540000915527344,22.43000030517578,22.549999237060547,9780700,0.0,0.0
2021-11-22,22.579999923706055,22.8799991607666,22.299999237060547,22.649999618530273,8980300,0.0,0.0
2021-11-23,23.030000686645508,23.850000381469727,22.850000381469727,23.760000228881836,9700000,0.0,0.0
2021-11-24,23.389999389648438,24.56999969482422,23.329999923706055,24.1200008392334,8001300,0.0,0.0
2021-11-26,22.729999542236328,23.18000030517578,22.489999771118164,23.059999465942383,7881300,0.0,0.0
2021-11-29,23.65999984741211,23.799999237060547,23.1299991607666,23.530000686645508,11140400,0.0,0.0
2021-11-30,23.219999313354492,23.520000457763672,22.829999923706055,23.34000015258789,31133200,0.0,0.0
2021-12-01,24.239999771118164,24.6299991607666,23.399999618530273,23.420000076293945,9814200,0.0,0.0
2021-12-02,23.56999969482422,24.209999084472656,23.399999618530273,24.0,9414700,0.0,0.0
2021-12-03,24.299999237060547,24.399999618530273,23.729999542236328,23.940000534057617,7949500,0.0,0.0
2021-12-06,24.25,25.020000457763672,24.25,24.420000076293945,7015500,0.0,0.0
2021-12-07,24.690000534057617,25.030000686645508,24.559999465942383,24.8799991607666,8147500,0.0,0.0
2021-12-08,25.290000915527344,25.290000915527344,24.829999923706055,24.950000762939453,5565700,0.0,0.0
2021-12-09,24.600000381469727,24.959999084472656,24.489999771118164,24.8700008392334,4315100,0.0,0.0
2021-12-10,24.860000610351562,25.530000686645508,24.860000610351562,25.440000534057617,5996700,0.0,0.0
2021-12-13,25.290000915527344,25.530000686645508,24.420000076293945,24.559999465942383,7927000,0.0,0.0
2021-12-14,24.399999618530273,24.729999542236328,24.0,24.079999923706055,8449600,0.0,0.0
2021-12-15,24.100000381469727,24.149999618530273,22.850000381469727,23.829999923706055,8881200,0.0,0.0
2021-12-16,24.440000534057617,24.780000686645508,24.079999923706055,24.270000457763672,7545500,0.0,0.0
2021-12-17,23.809999465942383,24.049999237060547,23.030000686645508,23.68000030517578,19815400,0.0,0.0
2021-12-20,22.989999771118164,23.290000915527344,22.770000457763672,23.06999969482422,7535000,0.0,0.0
2021-12-21,23.450000762939453,23.889999389648438,23.3700008392334,23.790000915527344,6491900,0.0,0.0
2021-12-22,23.75,23.969999313354492,23.440000534057617,23.920000076293945,3421900,0.0,0.0
2021-12-23,24.079999923706055,24.3799991607666,23.959999084472656,24.219999313354492,3146600,0.0,0.0
2021-12-27,24.049999237060547,24.6299991607666,23.709999084472656,24.6200008392334,3437300,0.0,0.0
2021-12-28,24.68000030517578,24.780000686645508,24.329999923706055,24.579999923706055,3180000,0.0,0.0
2021-12-29,24.520000457763672,24.59000015258789,24.18000030517578,24.270000457763672,4302800,0.0,0.0
2021-12-30,24.149999618530273,24.360000610351562,23.860000610351562,23.950000762939453,3986500,0.0,0.0
2021-12-31,23.81999969482422,24.1299991607666,23.75,24.059999465942383,3861300,0.0,0.0
2022-01-03,24.100000381469727,25.06999969482422,24.100000381469727,25.040000915527344,4790600,0.0,0.0
2022-01-04,25.3799991607666,25.940000534057617,25.299999237060547,25.59000015258789,7798700,0.0,0.0
2022-01-05,26.010000228881836,26.209999084472656,25.6200008392334,25.68000030517578,7700300,0.0,0.0
2022-01-06,26.3700008392334,26.59000015258789,25.579999923706055,25.950000762939453,5841900,0.0,0.0
2022-01-07,26.0,26.190000534057617,25.809999465942383,26.1200008392334,6915200,0.0,0.0
2022-01-10,26.1200008392334,26.260000228881836,25.540000915527344,26.06999969482422,9974100,0.0,0.0
2022-01-11,26.280000686645508,27.049999237060547,26.139999389648438,26.959999084472656,9988300,0.0,0.0
2022-01-12,27.170000076293945,27.229999542236328,26.489999771118164,26.729999542236328,8317900,0.0,0.0
2022-01-13,26.40999984741211,27.0,26.18000030517578,26.270000457763672,9390700,0.0,0.0
2022-01-14,26.170000076293945,27.549999237060547,26.040000915527344,27.459999084472656,12025900,0.0,0.0
2022-01-18,27.770000457763672,27.84000015258789,26.510000228881836,26.799999237060547,10407500,0.0,0.0
2022-01-19,27.110000610351562,27.18000030517578,26.239999771118164,26.290000915527344,10458900,0.0,0.0
2022-01-20,27.299999237060547,27.8799991607666,26.610000610351562,26.719999313354492,12793300,0.0,0.0
2022-01-21,26.5,27.65999984741211,26.299999237060547,27.239999771118164,15878200,0.0,0.0
2022-01-24,26.68000030517578,27.110000610351562,25.520000457763672,27.06999969482422,11878600,0.0,0.0
2022-01-25,26.950000762939453,28.15999984741211,25.8799991607666,27.93000030517578,13512800,0.0,0.0
2022-01-26,28.110000610351562,28.3799991607666,27.1299991607666,27.520000457763672,12946600,0.0,0.0
2022-01-27,28.25,28.399999618530273,26.670000076293945,27.299999237060547,11477600,0.0,0.0
2022-01-28,27.09000015258789,27.540000915527344,26.479999542236328,27.15999984741211,8108400,0.0,0.0
2022-01-31,26.520000457763672,27.780000686645508,26.510000228881836,27.440000534057617,11173000,0.0,0.0
2022-02-01,27.020000457763672,27.889999389648438,26.75,27.5,8566100,0.0,0.0
2022-02-02,27.190000534057617,27.459999084472656,26.68000030517578,26.8700008392334,9553200,0.0,0.0
2022-02-03,26.90999984741211,26.979999542236328,26.209999084472656,26.360000610351562,8933900,0.0,0.0
2022-02-04,26.34000015258789,26.940000534057617,26.25,26.59000015258789,7713700,0.18,0.0
2022-02-07,26.56999969482422,27.889999389648438,26.479999542236328,27.530000686645508,9541200,0.0,0.0
2022-02-08,27.530000686645508,27.649999618530273,26.760000228881836,27.360000610351562,5726900,0.0,0.0
2022-02-09,27.43000030517578,28.170000076293945,27.31999969482422,27.649999618530273,7297500,0.0,0.0
2022-02-10,27.450000762939453,28.260000228881836,27.219999313354492,27.440000534057617,7381200,0.0,0.0
2022-02-11,27.670000076293945,29.280000686645508,27.540000915527344,29.139999389648438,10092400,0.0,0.0
2022-02-14,28.889999389648438,29.18000030517578,28.149999618530273,28.540000915527344,7327300,0.0,0.0
2022-02-15,27.829999923706055,28.829999923706055,27.65999984741211,28.790000915527344,6366200,0.0,0.0
2022-02-16,29.0,30.110000610351562,29.0,29.709999084472656,10323200,0.0,0.0
2022-02-17,29.610000610351562,29.8700008392334,29.290000915527344,29.43000030517578,5502400,0.0,0.0
2022-02-18,29.020000457763672,29.579999923706055,28.709999084472656,29.110000610351562,5039000,0.0,0.0
2022-02-22,29.75,29.969999313354492,28.40999984741211,28.600000381469727,15255900,0.0,0.0
2022-02-23,28.6299991607666,29.43000030517578,28.43000030517578,29.049999237060547,7211700,0.0,0.0
2022-02-24,29.450000762939453,29.510000228881836,27.899999618530273,28.719999313354492,11866300,0.0,0.0
2022-02-25,28.899999618530273,29.600000381469727,28.600000381469727,29.5,7092200,0.0,0.0
2022-02-28,29.25,29.68000030517578,28.920000076293945,29.3799991607666,11034200,0.0,0.0
2022-03-01,29.610000610351562,29.780000686645508,27.719999313354492,28.34000015258789,12167200,0.0,0.0
2022-03-02,29.040000915527344,30.649999618530273,29.030000686645508,30.389999389648438,11545600,0.0,0.0
2022-03-03,29.940000534057617,31.3799991607666,29.940000534057617,31.209999084472656,13542800,0.0,0.0
2022-03-04,30.850000381469727,33.279998779296875,30.770000457763672,33.220001220703125,14323100,0.0,0.0
2022-03-07,33.20000076293945,35.91999816894531,33.20000076293945,34.779998779296875,19497500,0.0,0.0
2022-03-08,35.2599983215332,36.91999816894531,34.16999816894531,34.79999923706055,22307600,0.0,0.0
2022-03-09,33.900001525878906,34.81999969482422,32.7400016784668,33.810001373291016,21479200,0.0,0.0
2022-03-10,33.939998626708984,36.900001525878906,33.93000030517578,36.7400016784668,13964300,0.0,0.0
2022-03-11,36.04999923706055,38.40999984741211,36.04999923706055,37.63999938964844,15390700,0.0,0.0
2022-03-14,36.66999816894531,37.47999954223633,36.279998779296875,36.97999954223633,12763500,0.0,0.0
2022-03-15,35.470001220703125,36.279998779296875,34.47999954223633,34.869998931884766,14491500,0.0,0.0
2022-03-16,34.709999084472656,34.970001220703125,32.58000183105469,33.650001525878906,20716500,0.0,0.0
2022-03-17,34.25,35.209999084472656,33.91999816894531,34.97999954223633,15890200,0.0,0.0
2022-03-18,34.68000030517578,35.54999923706055,34.619998931884766,35.290000915527344,24795600,0.0,0.0
2022-03-21,36.0099983215332,37.130001068115234,35.88999938964844,36.220001220703125,19941400,0.0,0.0
2022-03-22,36.15999984741211,36.959999084472656,35.900001525878906,36.540000915527344,16908500,0.0,0.0
2022-03-23,37.0,38.09000015258789,36.709999084472656,37.59000015258789,15181200,0.0,0.0
2022-03-24,37.4900016784668,39.779998779296875,37.41999816894531,38.290000915527344,13293800,0.0,0.0
2022-03-25,37.93000030517578,38.7400016784668,37.93000030517578,38.720001220703125,11991900,0.0,0.0
2022-03-28,37.91999816894531,37.939998626708984,36.7400016784668,37.0,7384500,0.0,0.0
2022-03-29,36.20000076293945,36.720001220703125,35.16999816894531,36.66999816894531,13403000,0.0,0.0
2022-03-30,37.310001373291016,37.560001373291016,36.61000061035156,37.349998474121094,9134100,0.0,0.0
2022-03-31,37.04999923706055,37.77000045776367,36.099998474121094,36.40999984741211,11010200,0.0,0.0
2022-04-01,36.70000076293945,37.20000076293945,36.11000061035156,36.41999816894531,8558800,0.0,0.0
2022-04-04,36.689998626708984,36.790000915527344,35.79999923706055,36.43000030517578,8290000,0.0,0.0
2022-04-05,36.400001525878906,37.29999923706055,35.34000015258789,35.52000045776367,12705300,0.0,0.0
2022-04-06,35.880001068115234,36.38999938964844,35.290000915527344,35.720001220703125,8523600,0.0,0.0
2022-04-07,35.68000030517578,36.220001220703125,35.08000183105469,36.119998931884766,9536200,0.0,0.0
2022-04-08,36.310001373291016,37.599998474121094,36.279998779296875,37.52000045776367,12765800,0.0,0.0
2022-04-11,36.720001220703125,37.18000030517578,36.400001525878906,36.470001220703125,7655500,0.0,0.0
2022-04-12,36.529998779296875,37.16999816894531,36.04999923706055,36.31999969482422,8028100,0.0,0.0
2022-04-13,36.869998931884766,37.31999969482422,36.060001373291016,37.220001220703125,6849800,0.0,0.0
2022-04-14,36.81999969482422,37.63999938964844,36.77000045776367,37.290000915527344,6853500,0.0,0.0
2022-04-18,37.599998474121094,37.90999984741211,37.16999816894531,37.43000030517578,10120500,0.0,0.0
2022-04-19,37.13999938964844,37.650001525878906,36.5099983215332,36.7400016784668,10264000,0.0,0.0
2022-04-20,35.970001220703125,36.369998931884766,32.79999923706055,35.33000183105469,23404100,0.0,0.0
2022-04-21,35.54999923706055,35.650001525878906,32.279998779296875,32.90999984741211,19153700,0.0,0.0
2022-04-22,32.599998474121094,34.02000045776367,32.02000045776367,32.20000076293945,12918100,0.0,0.0
2022-04-25,30.979999542236328,31.309999465942383,29.459999084472656,30.739999771118164,16705400,0.0,0.0
2022-04-26,31.1200008392334,32.630001068115234,31.020000457763672,31.350000381469727,17393700,0.0,0.0
2022-04-27,31.459999084472656,31.950000762939453,30.8700008392334,31.280000686645508,9187900,0.0,0.0
2022-04-28,31.5,32.400001525878906,30.860000610351562,31.969999313354492,11759100,0.0,0.0
2022-04-29,32.02000045776367,32.220001220703125,30.81999969482422,31.020000457763672,13335200,0.0,0.0
2022-05-02,30.739999771118164,31.360000610351562,30.239999771118164,30.90999984741211,8737800,0.0,0.0
2022-05-03,30.729999542236328,31.700000762939453,30.600000381469727,31.5,9766500,0.0,0.0
2022-05-04,32.189998626708984,32.959999084472656,31.079999923706055,32.84000015258789,11857600,0.0,0.0
2022-05-05,32.91999816894531,33.11000061035156,31.219999313354492,32.02000045776367,9915500,0.0,0.0
2022-05-06,32.22999954223633,32.560001373291016,31.56999969482422,32.130001068115234,6917500,0.0,0.0
2022-05-09,31.649999618530273,31.649999618530273,29.969999313354492,30.049999237060547,13366300,0.0,0.0
2022-05-10,30.360000610351562,31.479999542236328,30.09000015258789,30.81999969482422,8439300,0.0,0.0
2022-05-11,31.520000457763672,32.779998779296875,31.25,32.4900016784668,13027700,0.0,0.0
2022-05-12,32.130001068115234,32.41999816894531,30.8799991607666,31.90999984741211,12987100,0.0,0.0
2022-05-13,32.439998626708984,34.20000076293945,32.36000061035156,34.11000061035156,9974900,0.0,0.0
2022-05-16,33.869998931884766,35.029998779296875,33.810001373291016,34.93000030517578,8788800,0.0,0.0
2022-05-17,35.56999969482422,35.75,34.900001525878906,35.15999984741211,9523700,0.0,0.0
2022-05-18,35.439998626708984,35.720001220703125,34.06999969482422,34.63999938964844,7188600,0.0,0.0
2022-05-19,33.900001525878906,35.56999969482422,33.779998779296875,34.970001220703125,7785600,0.0,0.0
2022-05-20,35.31999969482422,35.56999969482422,33.959999084472656,34.54999923706055,9027700,0.0,0.0
2022-05-23,35.0,36.0,34.7599983215332,35.709999084472656,9358500,0.0,0.0
2022-05-24,35.209999084472656,36.41999816894531,35.099998474121094,36.279998779296875,7961500,0.0,0.0
2022-05-25,36.36000061035156,36.56999969482422,35.349998474121094,35.720001220703125,9187800,0.0,0.0
2022-05-26,36.33000183105469,37.36000061035156,36.279998779296875,37.099998474121094,6687000,0.0,0.0
2022-05-27,36.529998779296875,37.45000076293945,36.529998779296875,37.18000030517578,7577800,0.18,0.0
2022-05-31,37.38999938964844,37.959999084472656,35.619998931884766,35.97999954223633,21917500,0.0,0.0
2022-06-01,36.529998779296875,37.79999923706055,36.529998779296875,37.40999984741211,8349800,0.0,0.0
2022-06-02,37.400001525878906,37.47999954223633,36.709999084472656,36.90999984741211,7678600,0.0,0.0
2022-06-03,36.66999816894531,37.9900016784668,36.54999923706055,37.81999969482422,5939500,0.0,0.0
2022-06-06,38.0,38.189998626708984,37.529998779296875,37.68000030517578,6681900,0.0,0.0
2022-06-07,37.439998626708984,37.93000030517578,37.25,37.65999984741211,6771800,0.0,0.0
2022-06-08,37.880001068115234,38.65999984741211,37.40999984741211,37.4900016784668,7251700,0.0,0.0
2022-06-09,37.04999923706055,37.2599983215332,36.029998779296875,36.08000183105469,8662800,0.0,0.0
2022-06-10,35.5,36.15999984741211,34.790000915527344,35.22999954223633,9472000,0.0,0.0
2022-06-13,34.31999969482422,34.38999938964844,32.849998474121094,33.29999923706055,13025700,0.0,0.0
2022-06-14,34.2400016784668,34.5,32.52000045776367,32.93000030517578,9909100,0.0,0.0
2022-06-15,33.189998626708984,33.189998626708984,31.299999237060547,31.739999771118164,13069200,0.0,0.0
2022-06-16,30.81999969482422,31.3700008392334,29.829999923706055,29.889999389648438,14673200,0.0,0.0
2022-06-17,29.93000030517578,30.200000762939453,28.850000381469727,29.969999313354492,28201900,0.0,0.0
2022-06-21,30.520000457763672,31.219999313354492,30.209999084472656,30.479999542236328,10414000,0.0,0.0
2022-06-22,28.93000030517578,29.90999984741211,28.729999542236328,29.520000457763672,11023900,0.0,0.0
2022-06-23,29.579999923706055,29.799999237060547,28.079999923706055,28.65999984741211,11185300,0.0,0.0
2022-06-24,28.760000228881836,29.280000686645508,28.3799991607666,28.469999313354492,18456700,0.0,0.0
2022-06-27,29.18000030517578,29.649999618530273,28.799999237060547,29.440000534057617,6675400,0.0,0.0
2022-06-28,30.0,30.459999084472656,29.579999923706055,30.06999969482422,6503700,0.0,0.0
2022-06-29,30.229999542236328,30.530000686645508,29.25,29.6299991607666,8727700,0.0,0.0
2022-06-30,29.18000030517578,30.280000686645508,28.68000030517578,28.8700008392334,8592500,0.0,0.0
2022-07-01,29.110000610351562,29.420000076293945,28.020000457763672,29.09000015258789,5441400,0.0,0.0
2022-07-05,28.09000015258789,28.790000915527344,27.34000015258789,28.200000762939453,10379000,0.0,0.0
2022-07-06,27.799999237060547,28.719999313354492,26.84000015258789,27.5,8647100,0.0,0.0
2022-07-07,28.420000076293945,29.139999389648438,28.299999237060547,28.469999313354492,6656400,0.0,0.0
2022-07-08,28.899999618530273,28.989999771118164,28.1200008392334,28.469999313354492,5640500,0.0,0.0
2022-07-11,27.889999389648438,28.450000762939453,27.809999465942383,28.200000762939453,5347700,0.0,0.0
2022-07-12,27.360000610351562,27.670000076293945,26.950000762939453,27.489999771118164,7188400,0.0,0.0
2022-07-13,27.040000915527344,27.540000915527344,26.6299991607666,26.760000228881836,8540600,0.0,0.0
2022-07-14,25.739999771118164,26.420000076293945,25.600000381469727,26.34000015258789,6392000,0.0,0.0
2022-07-15,26.639999389648438,26.8799991607666,26.020000457763672,26.68000030517578,7010400,0.0,0.0
2022-07-18,27.489999771118164,27.59000015258789,27.030000686645508,27.15999984741211,6237500,0.0,0.0
2022-07-19,27.209999084472656,28.309999465942383,26.8700008392334,28.219999313354492,8769100,0.0,0.0
2022-07-20,25.420000076293945,26.329999923706055,24.3700008392334,25.889999389648438,29797900,0.0,0.0
2022-07-21,25.18000030517578,25.229999542236328,23.93000030517578,24.920000076293945,17634100,0.0,0.0
2022-07-22,25.049999237060547,25.510000228881836,23.899999618530273,24.079999923706055,10269700,0.0,0.0
2022-07-25,24.420000076293945,24.520000457763672,23.90999984741211,24.399999618530273,8569600,0.0,0.0
2022-07-26,24.799999237060547,24.90999984741211,24.1299991607666,24.299999237060547,12965200,0.0,0.0
2022-07-27,24.479999542236328,25.139999389648438,23.90999984741211,25.059999465942383,11933400,0.0,0.0
2022-07-28,25.25,25.479999542236328,24.25,24.979999542236328,6618100,0.0,0.0
2022-07-29,25.399999618530273,25.739999771118164,24.860000610351562,25.690000534057617,12847400,0.0,0.0
2022-08-01,25.510000228881836,25.510000228881836,24.610000610351562,24.65999984741211,10625100,0.0,0.0
2022-08-02,24.709999084472656,25.639999389648438,24.700000762939453,25.420000076293945,6529400,0.0,0.0
2022-08-03,25.780000686645508,26.170000076293945,25.100000381469727,25.229999542236328,8617400,0.0,0.0
2022-08-04,25.18000030517578,25.299999237060547,23.65999984741211,23.709999084472656,13526200,0.0,0.0
2022-08-05,23.540000915527344,24.31999969482422,23.469999313354492,24.059999465942383,6764800,0.0,0.0
2022-08-08,23.93000030517578,24.3799991607666,23.770000457763672,24.270000457763672,7643900,0.18,0.0
2022-08-09,24.610000610351562,24.75,23.719999313354492,23.850000381469727,7346100,0.0,0.0
2022-08-10,23.969999313354492,24.510000228881836,23.610000610351562,24.350000381469727,7516800,0.0,0.0
2022-08-11,24.670000076293945,25.579999923706055,24.670000076293945,25.280000686645508,7721500,0.0,0.0
2022-08-12,25.1299991607666,26.049999237060547,24.969999313354492,26.010000228881836,6855600,0.0,0.0
2022-08-15,24.790000915527344,25.31999969482422,24.719999313354492,25.299999237060547,5749400,0.0,0.0
2022-08-16,25.510000228881836,25.850000381469727,24.729999542236328,25.059999465942383,10857200,0.0,0.0
2022-08-17,24.829999923706055,25.190000534057617,24.489999771118164,24.75,11387600,0.0,0.0
2022-08-18,25.260000228881836,25.600000381469727,24.899999618530273,24.989999771118164,10401100,0.0,0.0
2022-08-19,24.93000030517578,25.31999969482422,24.639999389648438,25.15999984741211,8615700,0.0,0.0
2022-08-22,25.0,25.59000015258789,24.6200008392334,25.270000457763672,8429900,0.0,0.0
2022-08-23,25.68000030517578,26.690000534057617,25.670000076293945,26.100000381469727,8780400,0.0,0.0
2022-08-24,25.93000030517578,26.610000610351562,25.90999984741211,26.469999313354492,6576900,0.0,0.0
2022-08-25,26.600000381469727,26.850000381469727,26.219999313354492,26.649999618530273,6798700,0.0,0.0
2022-08-26,26.770000457763672,26.959999084472656,25.790000915527344,26.1299991607666,7216800,0.0,0.0
2022-08-29,26.049999237060547,26.450000762939453,25.850000381469727,26.229999542236328,9403100,0.0,0.0
2022-08-30,25.690000534057617,25.719999313354492,24.799999237060547,25.049999237060547,7639300,0.0,0.0
2022-08-31,24.5,25.5,24.31999969482422,25.260000228881836,13351700,0.0,0.0
2022-09-01,24.889999389648438,25.040000915527344,24.350000381469727,24.600000381469727,8670400,0.0,0.0
2022-09-02,25.299999237060547,25.68000030517578,24.93000030517578,25.280000686645508,6103100,0.0,0.0
2022-09-06,25.299999237060547,25.559999465942383,24.719999313354492,24.889999389648438,11101600,0.0,0.0
2022-09-07,24.31999969482422,24.40999984741211,23.8700008392334,24.350000381469727,12209000,0.0,0.0
2022-09-08,24.399999618530273,24.469999313354492,23.790000915527344,23.889999389648438,11737200,0.0,0.0
2022-09-09,24.479999542236328,25.3700008392334,24.3700008392334,25.25,8810900,0.0,0.0
2022-09-12,25.729999542236328,25.799999237060547,25.280000686645508,25.459999084472656,9306300,0.0,0.0
2022-09-13,25.209999084472656,26.09000015258789,24.399999618530273,24.540000915527344,10450600,0.0,0.0
2022-09-14,24.889999389648438,25.770000457763672,24.719999313354492,25.389999389648438,8974700,0.0,0.0
2022-09-15,24.829999923706055,25.030000686645508,24.219999313354492,24.329999923706055,10941400,0.0,0.0
2022-09-16,23.8700008392334,24.06999969482422,23.459999084472656,23.799999237060547,35834500,0.0,0.0
2022-09-19,23.25,24.239999771118164,23.030000686645508,24.18000030517578,12383700,0.0,0.0
2022-09-20,24.1200008392334,24.1200008392334,22.729999542236328,23.0,9078600,0.0,0.0
2022-09-21,23.450000762939453,23.600000381469727,22.8700008392334,23.020000457763672,8826100,0.0,0.0
2022-09-22,23.450000762939453,23.770000457763672,22.950000762939453,22.969999313354492,7187100,0.0,0.0
2022-09-23,21.93000030517578,22.079999923706055,21.270000457763672,21.729999542236328,13033000,0.0,0.0
2022-09-26,21.3799991607666,21.530000686645508,20.420000076293945,20.450000762939453,14415800,0.0,0.0
2022-09-27,20.790000915527344,21.43000030517578,20.670000076293945,20.760000228881836,9083400,0.0,0.0
2022-09-28,21.030000686645508,21.3700008392334,20.739999771118164,21.280000686645508,8066300,0.0,0.0
2022-09-29,21.020000457763672,21.200000762939453,20.600000381469727,21.1200008392334,7510200,0.0,0.0
2022-09-30,20.989999771118164,21.239999771118164,20.850000381469727,20.959999084472656,8438500,0.0,0.0
2022-10-03,21.850000381469727,22.43000030517578,21.81999969482422,22.280000686645508,8641200,0.0,0.0
2022-10-04,22.649999618530273,23.270000457763672,22.520000457763672,23.190000534057617,9193000,0.0,0.0
2022-10-05,22.90999984741211,23.8700008392334,22.90999984741211,23.709999084472656,6891000,0.0,0.0
2022-10-06,23.450000762939453,23.920000076293945,23.350000381469727,23.739999771118164,6639300,0.0,0.0
2022-10-07,23.760000228881836,23.760000228881836,22.770000457763672,22.8799991607666,7364700,0.0,0.0
2022-10-10,22.899999618530273,23.309999465942383,22.200000762939453,22.3700008392334,6546400,0.0,0.0
2022-10-11,22.1200008392334,22.65999984741211,21.8799991607666,22.25,7512900,0.0,0.0
2022-10-12,22.010000228881836,22.829999923706055,21.940000534057617,22.639999389648438,6162700,0.0,0.0
2022-10-13,22.18000030517578,23.979999542236328,22.18000030517578,23.8799991607666,7748100,0.0,0.0
2022-10-14,23.600000381469727,23.81999969482422,22.850000381469727,22.90999984741211,7281700,0.0,0.0
2022-10-17,23.549999237060547,23.989999771118164,23.3700008392334,23.93000030517578,8602900,0.0,0.0
2022-10-18,23.889999389648438,24.530000686645508,23.6200008392334,24.18000030517578,11519200,0.0,0.0
2022-10-19,26.559999465942383,26.559999465942383,25.1200008392334,25.649999618530273,17385500,0.0,0.0
2022-10-20,26.200000762939453,26.350000381469727,25.670000076293945,25.950000762939453,11755900,0.0,0.0
2022-10-21,25.959999084472656,26.829999923706055,25.729999542236328,26.670000076293945,11806700,0.0,0.0
2022-10-24,26.6200008392334,26.649999618530273,25.969999313354492,26.1299991607666,8048100,0.0,0.0
2022-10-25,25.8799991607666,26.200000762939453,25.739999771118164,26.100000381469727,9144600,0.0,0.0
2022-10-26,26.270000457763672,27.0,26.229999542236328,26.43000030517578,8108300,0.0,0.0
2022-10-27,26.889999389648438,27.719999313354492,26.780000686645508,27.030000686645508,9359800,0.0,0.0
2022-10-28,27.350000381469727,27.639999389648438,26.579999923706055,27.239999771118164,6770300,0.0,0.0
2022-10-31,26.959999084472656,27.709999084472656,26.799999237060547,27.65999984741211,8713700,0.0,0.0
2022-11-01,28.209999084472656,28.690000534057617,27.8799991607666,28.5,11389800,0.0,0.0
2022-11-02,28.579999923706055,28.8700008392334,27.43000030517578,27.59000015258789,10568600,0.0,0.0
2022-11-03,27.309999465942383,28.450000762939453,27.299999237060547,28.290000915527344,7866900,0.0,0.0
2022-11-04,28.690000534057617,29.459999084472656,28.6299991607666,29.110000610351562,7314500,0.19,0.0
2022-11-07,29.31999969482422,30.729999542236328,29.31999969482422,30.6200008392334,8421400,0.0,0.0
2022-11-08,30.6299991607666,31.15999984741211,30.239999771118164,30.940000534057617,8229200,0.0,0.0
2022-11-09,30.579999923706055,30.579999923706055,29.399999618530273,29.510000228881836,5342700,0.0,0.0
2022-11-10,30.09000015258789,30.610000610351562,29.639999389648438,30.579999923706055,6427100,0.0,0.0
2022-11-11,31.329999923706055,31.8799991607666,30.84000015258789,31.020000457763672,7138900,0.0,0.0
2022-11-14,30.770000457763672,30.959999084472656,30.219999313354492,30.25,6410000,0.0,0.0
2022-11-15,30.329999923706055,31.040000915527344,30.229999542236328,30.889999389648438,6400500,0.0,0.0
2022-11-16,30.81999969482422,31.1200008392334,30.170000076293945,30.229999542236328,5805600,0.0,0.0
2022-11-17,29.610000610351562,29.860000610351562,29.18000030517578,29.829999923706055,4121500,0.0,0.0
2022-11-18,29.270000457763672,29.469999313354492,28.790000915527344,29.1299991607666,10765700,0.0,0.0
2022-11-21,28.530000686645508,28.75,27.579999923706055,28.719999313354492,6854000,0.0,0.0
2022-11-22,29.260000228881836,29.68000030517578,28.90999984741211,29.489999771118164,5933300,0.0,0.0
2022-11-23,28.780000686645508,29.3799991607666,28.43000030517578,28.829999923706055,6649000,0.0,0.0
2022-11-25,28.700000762939453,29.030000686645508,28.459999084472656,28.5,2689300,0.0,0.0
2022-11-28,27.93000030517578,28.450000762939453,27.6200008392334,28.190000534057617,8331400,0.0,0.0
2022-11-29,28.700000762939453,28.809999465942383,28.420000076293945,28.649999618530273,4771800,0.0,0.0
2022-11-30,29.020000457763672,29.190000534057617,28.489999771118164,29.020000457763672,17524800,0.0,0.0
2022-12-01,29.420000076293945,29.959999084472656,29.06999969482422,29.260000228881836,5730800,0.0,0.0
2022-12-02,28.860000610351562,29.639999389648438,28.809999465942383,29.510000228881836,6461600,0.0,0.0
2022-12-05,29.690000534057617,29.850000381469727,28.59000015258789,28.719999313354492,7352600,0.0,0.0
2022-12-06,28.469999313354492,28.950000762939453,28.18000030517578,28.3799991607666,6495600,0.0,0.0
2022-12-07,28.299999237060547,28.600000381469727,27.709999084472656,27.8799991607666,8315700,0.0,0.0
2022-12-08,28.6299991607666,28.700000762939453,27.8799991607666,28.079999923706055,6371400,0.0,0.0
2022-12-09,28.020000457763672,28.3700008392334,27.06999969482422,27.110000610351562,8401700,0.0,0.0
2022-12-12,27.420000076293945,28.190000534057617,27.3700008392334,28.149999618530273,7562700,0.0,0.0
2022-12-13,28.790000915527344,29.479999542236328,28.729999542236328,29.260000228881836,8617500,0.0,0.0
2022-12-14,29.59000015258789,29.770000457763672,28.8799991607666,28.979999542236328,7634400,0.0,0.0
2022-12-15,28.84000015258789,29.200000762939453,28.579999923706055,29.040000915527344,6016000,0.0,0.0
2022-12-16,28.540000915527344,28.690000534057617,27.989999771118164,28.3700008392334,53992500,0.0,0.0
2022-12-19,28.700000762939453,28.940000534057617,27.969999313354492,28.260000228881836,6470200,0.0,0.0
2022-12-20,28.399999618530273,29.190000534057617,28.209999084472656,28.920000076293945,7202600,0.0,0.0
2022-12-21,29.450000762939453,29.6200008392334,28.600000381469727,29.350000381469727,5871400,0.0,0.0
2022-12-22,29.389999389648438,29.43000030517578,27.6299991607666,28.360000610351562,6317500,0.0,0.0
2022-12-23,28.8799991607666,29.139999389648438,28.389999389648438,29.100000381469727,5648400,0.0,0.0
2022-12-27,29.399999618530273,29.610000610351562,29.040000915527344,29.3700008392334,3801000,0.0,0.0
2022-12-28,29.209999084472656,29.290000915527344,28.34000015258789,28.549999237060547,4472300,0.0,0.0
2022-12-29,28.520000457763672,29.440000534057617,28.479999542236328,29.18000030517578,3719500,0.0,0.0
2022-12-30,28.899999618530273,29.559999465942383,28.84000015258789,29.530000686645508,3806900,0.0,0.0
2023-01-03,29.34000015258789,30.040000915527344,28.549999237060547,28.75,6551000,0.0,0.0
2023-01-04,28.3799991607666,28.3799991607666,27.3799991607666,27.889999389648438,10198800,0.0,0.0
2023-01-05,27.850000381469727,28.8700008392334,27.760000228881836,28.799999237060547,5748300,0.0,0.0
2023-01-06,29.3700008392334,30.3799991607666,29.15999984741211,29.959999084472656,6928300,0.0,0.0
2023-01-09,30.559999465942383,31.100000381469727,30.309999465942383,30.540000915527344,5574100,0.0,0.0
2023-01-10,30.440000534057617,30.93000030517578,30.049999237060547,30.8700008392334,6086300,0.0,0.0
2023-01-11,30.979999542236328,31.149999618530273,30.549999237060547,30.829999923706055,5251700,0.0,0.0
2023-01-12,30.81999969482422,31.889999389648438,30.68000030517578,31.5,5542700,0.0,0.0
2023-01-13,31.420000076293945,31.68000030517578,30.84000015258789,31.6299991607666,4520900,0.0,0.0
2023-01-17,31.610000610351562,31.81999969482422,31.31999969482422,31.479999542236328,5928300,0.0,0.0
2023-01-18,31.850000381469727,32.16999816894531,30.649999618530273,30.690000534057617,7127200,0.0,0.0
2023-01-19,30.559999465942383,30.770000457763672,29.90999984741211,30.489999771118164,5957200,0.0,0.0
2023-01-20,30.350000381469727,31.15999984741211,30.139999389648438,31.06999969482422,10389600,0.0,0.0
2023-01-23,31.079999923706055,31.670000076293945,30.399999618530273,30.59000015258789,7178200,0.0,0.0
2023-01-24,30.420000076293945,30.459999084472656,29.110000610351562,30.149999618530273,8024300,0.0,0.0
2023-01-25,29.81999969482422,31.030000686645508,29.479999542236328,31.0,5927600,0.0,0.0
2023-01-26,31.299999237060547,31.829999923706055,30.6200008392334,31.799999237060547,4927400,0.0,0.0
2023-01-27,31.700000762939453,31.770000457763672,31.139999389648438,31.299999237060547,5435200,0.0,0.0
2023-01-30,30.989999771118164,31.329999923706055,30.770000457763672,31.020000457763672,4552400,0.0,0.0
2023-01-31,30.93000030517578,31.8799991607666,30.8700008392334,31.739999771118164,5036400,0.0,0.0
2023-02-01,31.389999389648438,32.29999923706055,31.040000915527344,31.989999771118164,7350400,0.0,0.0
2023-02-02,31.920000076293945,31.959999084472656,30.940000534057617,31.389999389648438,7744300,0.0,0.0
2023-02-03,31.40999984741211,31.84000015258789,31.110000610351562,31.3700008392334,9233900,0.19,0.0
2023-02-06,31.389999389648438,31.739999771118164,31.049999237060547,31.65999984741211,5685600,0.0,0.0
2023-02-07,31.8799991607666,32.619998931884766,31.559999465942383,32.52000045776367,6083100,0.0,0.0
2023-02-08,32.709999084472656,32.90999984741211,32.189998626708984,32.56999969482422,6354500,0.0,0.0
2023-02-09,32.45000076293945,32.56999969482422,32.0,32.18000030517578,8385600,0.0,0.0
2023-02-10,32.689998626708984,32.9900016784668,32.279998779296875,32.91999816894531,5796500,0.0,0.0
2023-02-13,32.70000076293945,33.119998931884766,32.470001220703125,32.779998779296875,3851600,0.0,0.0
2023-02-14,32.349998474121094,32.939998626708984,32.119998931884766,32.459999084472656,5622400,0.0,0.0
2023-02-15,31.989999771118164,32.150001525878906,31.34000015258789,32.150001525878906,4925700,0.0,0.0
2023-02-16,32.38999938964844,32.900001525878906,32.18000030517578,32.2599983215332,4898800,0.0,0.0
2023-02-17,31.799999237060547,31.8700008392334,30.389999389648438,30.59000015258789,9360800,0.0,0.0
2023-02-21,30.399999618530273,30.639999389648438,29.93000030517578,30.1299991607666,6773600,0.0,0.0
2023-02-22,30.1200008392334,30.5,29.81999969482422,30.049999237060547,5977700,0.0,0.0
2023-02-23,30.549999237060547,30.780000686645508,30.309999465942383,30.469999313354492,4908200,0.0,0.0
2023-02-24,30.0,30.510000228881836,29.760000228881836,30.3799991607666,4751300,0.0,0.0
2023-02-27,30.540000915527344,31.170000076293945,30.350000381469727,31.040000915527344,3912000,0.0,0.0
2023-02-28,31.329999923706055,31.40999984741211,30.579999923706055,30.600000381469727,5278900,0.0,0.0
2023-03-01,30.6299991607666,31.25,30.610000610351562,31.09000015258789,3830100,0.0,0.0
2023-03-02,30.969999313354492,31.889999389648438,30.940000534057617,31.709999084472656,5038900,0.0,0.0
2023-03-03,31.079999923706055,32.34000015258789,31.0,32.279998779296875,4769200,0.0,0.0
2023-03-06,32.2400016784668,32.40999984741211,32.0,32.27000045776367,4666100,0.0,0.0
2023-03-07,32.130001068115234,32.27000045776367,31.729999542236328,31.75,4133200,0.0,0.0
2023-03-08,31.600000381469727,31.90999984741211,30.989999771118164,31.43000030517578,3407400,0.0,0.0
2023-03-09,31.5,31.829999923706055,30.020000457763672,30.059999465942383,4935100,0.0,0.0
2023-03-10,30.09000015258789,30.1299991607666,28.940000534057617,29.06999969482422,6255300,0.0,0.0
2023-03-13,28.34000015258789,28.969999313354492,27.799999237060547,28.139999389648438,8660700,0.0,0.0
2023-03-14,28.290000915527344,28.940000534057617,27.729999542236328,28.360000610351562,7488600,0.0,0.0
2023-03-15,27.420000076293945,27.549999237060547,26.40999984741211,26.850000381469727,14303700,0.0,0.0
2023-03-16,26.200000762939453,27.520000457763672,26.1299991607666,27.299999237060547,12681000,0.0,0.0
2023-03-17,27.0,27.040000915527344,26.329999923706055,26.920000076293945,14502600,0.0,0.0
2023-03-20,26.989999771118164,27.420000076293945,26.920000076293945,26.950000762939453,8112800,0.0,0.0
2023-03-21,27.56999969482422,28.110000610351562,27.479999542236328,28.040000915527344,9489300,0.0,0.0
2023-03-22,28.110000610351562,28.1299991607666,27.020000457763672,27.040000915527344,6130100,0.0,0.0
2023-03-23,27.1200008392334,27.75,26.479999542236328,26.729999542236328,5711800,0.0,0.0
2023-03-24,26.1299991607666,27.190000534057617,26.1200008392334,27.020000457763672,7614500,0.0,0.0
2023-03-27,27.219999313354492,27.530000686645508,26.90999984741211,27.260000228881836,7690500,0.0,0.0
2023-03-28,27.1299991607666,27.639999389648438,27.1200008392334,27.579999923706055,9917300,0.0,0.0
2023-03-29,28.040000915527344,28.209999084472656,27.68000030517578,28.170000076293945,11312700,0.0,0.0
2023-03-30,28.59000015258789,28.889999389648438,28.3799991607666,28.75,10210400,0.0,0.0
2023-03-31,28.920000076293945,29.020000457763672,28.59000015258789,28.860000610351562,7258500,0.0,0.0
2023-04-03,30.18000030517578,30.520000457763672,29.770000457763672,29.90999984741211,8779400,0.0,0.0
2023-04-04,29.940000534057617,30.09000015258789,28.959999084472656,29.25,4840600,0.0,0.0
2023-04-05,29.290000915527344,29.510000228881836,28.899999618530273,29.040000915527344,5246700,0.0,0.0
2023-04-06,29.020000457763672,29.190000534057617,28.43000030517578,28.510000228881836,4583200,0.0,0.0
2023-04-10,28.559999465942383,29.110000610351562,28.520000457763672,28.829999923706055,2904900,0.0,0.0
2023-04-11,28.899999618530273,29.420000076293945,28.559999465942383,29.149999618530273,4545600,0.0,0.0
2023-04-12,29.399999618530273,29.600000381469727,28.959999084472656,29.25,3662200,0.0,0.0
2023-04-13,29.18000030517578,29.65999984741211,29.139999389648438,29.450000762939453,5377900,0.0,0.0
2023-04-14,29.540000915527344,29.59000015258789,28.8700008392334,29.149999618530273,5395600,0.0,0.0
2023-04-17,29.280000686645508,29.299999237060547,28.790000915527344,29.149999618530273,5280100,0.0,0.0
2023-04-18,29.059999465942383,29.75,28.979999542236328,29.5,11208200,0.0,0.0
2023-04-19,29.760000228881836,30.81999969482422,29.760000228881836,30.559999465942383,10417100,0.0,0.0
2023-04-20,30.190000534057617,30.389999389648438,29.719999313354492,30.09000015258789,8191700,0.0,0.0
2023-04-21,30.25,30.389999389648438,29.40999984741211,29.65999984741211,7398900,0.0,0.0
2023-04-24,29.600000381469727,30.420000076293945,29.559999465942383,30.190000534057617,5856300,0.0,0.0
2023-04-25,29.860000610351562,29.899999618530273,29.09000015258789,29.290000915527344,6286500,0.0,0.0
2023-04-26,29.09000015258789,29.479999542236328,28.510000228881836,28.760000228881836,5742100,0.0,0.0
2023-04-27,28.559999465942383,29.030000686645508,28.399999618530273,28.84000015258789,6118600,0.0,0.0
2023-04-28,28.649999618530273,29.3799991607666,28.520000457763672,29.239999771118164,5412600,0.0,0.0
2023-05-01,28.969999313354492,29.34000015258789,28.649999618530273,28.8799991607666,4415300,0.0,0.0
2023-05-02,28.459999084472656,28.530000686645508,27.110000610351562,27.350000381469727,9776600,0.0,0.0
2023-05-03,27.040000915527344,27.889999389648438,26.809999465942383,27.459999084472656,9051400,0.0,0.0
2023-05-04,27.469999313354492,27.760000228881836,27.139999389648438,27.219999313354492,8291500,0.0,0.0
2023-05-05,28.079999923706055,28.43000030517578,27.700000762939453,28.219999313354492,7325700,0.0,0.0
2023-05-08,28.6299991607666,28.84000015258789,27.989999771118164,28.110000610351562,4671900,0.0,0.0
2023-05-09,27.850000381469727,28.540000915527344,27.670000076293945,28.190000534057617,5517800,0.0,0.0
2023-05-10,28.3799991607666,28.420000076293945,27.670000076293945,27.889999389648438,8941000,0.0,0.0
2023-05-11,27.360000610351562,27.530000686645508,27.06999969482422,27.360000610351562,7293800,0.0,0.0
2023-05-12,27.639999389648438,28.010000228881836,27.549999237060547,27.65999984741211,5890000,0.0,0.0
2023-05-15,27.920000076293945,28.200000762939453,27.799999237060547,27.889999389648438,5758900,0.0,0.0
2023-05-16,27.809999465942383,27.889999389648438,27.329999923706055,27.440000534057617,8662400,0.0,0.0
2023-05-17,27.639999389648438,27.90999984741211,27.309999465942383,27.479999542236328,10364600,0.0,0.0
2023-05-18,27.34000015258789,28.260000228881836,27.18000030517578,28.18000030517578,7945400,0.0,0.0
2023-05-19,28.579999923706055,28.610000610351562,28.09000015258789,28.170000076293945,5923500,0.0,0.0
2023-05-22,28.25,28.59000015258789,28.020000457763672,28.3700008392334,4606900,0.0,0.0
2023-05-23,28.639999389648438,28.75,28.149999618530273,28.399999618530273,4124700,0.0,0.0
2023-05-24,28.469999313354492,29.049999237060547,28.239999771118164,28.719999313354492,5064300,0.0,0.0
2023-05-25,28.030000686645508,28.290000915527344,27.690000534057617,28.0,5490900,0.0,0.0
2023-05-26,27.950000762939453,28.1299991607666,27.6200008392334,27.889999389648438,4485900,0.19,0.0
2023-05-30,27.1299991607666,27.8799991607666,27.09000015258789,27.799999237060547,6324500,0.0,0.0
2023-05-31,27.440000534057617,27.639999389648438,26.959999084472656,27.25,17917300,0.0,0.0
2023-06-01,27.25,28.770000457763672,27.190000534057617,28.610000610351562,7824600,0.0,0.0
2023-06-02,29.309999465942383,29.8700008392334,28.950000762939453,29.579999923706055,6115000,0.0,0.0
2023-06-05,30.0,30.020000457763672,29.15999984741211,29.670000076293945,5330300,0.0,0.0
2023-06-06,29.149999618530273,30.719999313354492,29.149999618530273,30.59000015258789,7652900,0.0,0.0
2023-06-07,30.65999984741211,31.100000381469727,30.579999923706055,30.639999389648438,7931500,0.0,0.0
2023-06-08,30.709999084472656,30.81999969482422,30.149999618530273,30.290000915527344,6334300,0.0,0.0
2023-06-09,30.3799991607666,30.530000686645508,29.899999618530273,30.010000228881836,5395300,0.0,0.0
2023-06-12,29.479999542236328,30.209999084472656,29.3799991607666,29.790000915527344,7995800,0.0,0.0
2023-06-13,30.469999313354492,31.040000915527344,30.139999389648438,30.170000076293945,6964800,0.0,0.0
2023-06-14,30.459999084472656,30.719999313354492,29.600000381469727,29.940000534057617,6991200,0.0,0.0
2023-06-15,29.93000030517578,30.469999313354492,29.93000030517578,30.239999771118164,7899400,0.0,0.0
2023-06-16,30.389999389648438,30.770000457763672,30.25,30.56999969482422,12505900,0.0,0.0
2023-06-20,30.31999969482422,30.389999389648438,29.290000915527344,29.799999237060547,5879800,0.0,0.0
2023-06-21,29.56999969482422,30.829999923706055,29.510000228881836,30.489999771118164,7810700,0.0,0.0
2023-06-22,30.260000228881836,30.469999313354492,29.829999923706055,30.149999618530273,4154400,0.0,0.0
2023-06-23,29.68000030517578,29.860000610351562,29.209999084472656,29.770000457763672,7952900,0.0,0.0
2023-06-26,29.729999542236328,30.829999923706055,29.670000076293945,30.530000686645508,5417100,0.0,0.0
2023-06-27,30.3700008392334,31.139999389648438,30.290000915527344,30.969999313354492,6083600,0.0,0.0
2023-06-28,31.0,31.469999313354492,30.610000610351562,31.1299991607666,5793700,0.0,0.0
2023-06-29,31.15999984741211,31.3700008392334,30.65999984741211,31.360000610351562,6863000,0.0,0.0
2023-06-30,31.670000076293945,31.940000534057617,31.399999618530273,31.610000610351562,6825800,0.0,0.0
2023-07-03,31.6299991607666,31.799999237060547,31.200000762939453,31.600000381469727,2951200,0.0,0.0
2023-07-05,31.760000228881836,31.81999969482422,31.06999969482422,31.540000915527344,5493800,0.0,0.0
2023-07-06,31.25,31.65999984741211,31.030000686645508,31.600000381469727,7177900,0.0,0.0
2023-07-07,31.3799991607666,33.2400016784668,31.3700008392334,33.11000061035156,10408800,0.0,0.0
2023-07-10,33.02000045776367,33.34000015258789,32.849998474121094,33.22999954223633,7770900,0.0,0.0
2023-07-11,33.43000030517578,34.130001068115234,33.27000045776367,34.029998779296875,7654900,0.0,0.0
2023-07-12,34.27000045776367,34.90999984741211,34.09000015258789,34.439998626708984,8360600,0.0,0.0
2023-07-13,34.38999938964844,34.91999816894531,34.2599983215332,34.68000030517578,6832100,0.0,0.0
2023-07-14,34.400001525878906,34.529998779296875,34.119998931884766,34.349998474121094,5203600,0.0,0.0
2023-07-17,34.209999084472656,34.90999984741211,34.189998626708984,34.650001525878906,8186700,0.0,0.0
2023-07-18,34.5099983215332,35.29999923706055,34.470001220703125,35.040000915527344,11004000,0.0,0.0
2023-07-19,34.58000183105469,35.869998931884766,34.29999923706055,35.20000076293945,12991600,0.0,0.0
2023-07-20,35.470001220703125,35.619998931884766,34.529998779296875,34.65999984741211,10701500,0.0,0.0
2023-07-21,34.84000015258789,35.56999969482422,34.41999816894531,35.43000030517578,23642100,0.0,0.0
2023-07-24,35.599998474121094,36.15999984741211,35.58000183105469,35.84000015258789,8685400,0.0,0.0
2023-07-25,35.70000076293945,35.93000030517578,35.52000045776367,35.7400016784668,7351400,0.0,0.0
2023-07-26,35.279998779296875,35.70000076293945,35.09000015258789,35.529998779296875,7789500,0.0,0.0
2023-07-27,35.59000015258789,35.720001220703125,34.45000076293945,34.65999984741211,8116600,0.0,0.0
2023-07-28,34.939998626708984,35.459999084472656,34.939998626708984,35.41999816894531,5800200,0.0,0.0
2023-07-31,35.540000915527344,35.79999923706055,35.36000061035156,35.790000915527344,6252100,0.0,0.0
2023-08-01,35.4900016784668,35.810001373291016,35.25,35.77000045776367,5300000,0.0,0.0
2023-08-02,35.52000045776367,35.619998931884766,35.02000045776367,35.560001373291016,5751300,0.0,0.0
2023-08-03,35.599998474121094,36.16999816894531,35.45000076293945,35.650001525878906,5120800,0.0,0.0
2023-08-04,35.7599983215332,35.91999816894531,35.439998626708984,35.52000045776367,5642700,0.0,0.0
2023-08-07,35.47999954223633,35.720001220703125,35.34000015258789,35.59000015258789,5232400,0.2,0.0
2023-08-08,34.7400016784668,35.689998626708984,34.66999816894531,35.650001525878906,4898900,0.0,0.0
2023-08-09,36.0,36.47999954223633,35.70000076293945,36.11000061035156,5588300,0.0,0.0
2023-08-10,36.09000015258789,36.31999969482422,35.029998779296875,35.33000183105469,6220100,0.0,0.0
2023-08-11,35.20000076293945,35.65999984741211,35.150001525878906,35.47999954223633,5137100,0.0,0.0
2023-08-14,35.400001525878906,35.41999816894531,35.150001525878906,35.33000183105469,4881200,0.0,0.0
2023-08-15,35.13999938964844,35.31999969482422,34.77000045776367,35.11000061035156,4530000,0.0,0.0
2023-08-16,35.16999816894531,35.619998931884766,34.95000076293945,34.970001220703125,5074700,0.0,0.0
2023-08-17,35.5099983215332,35.619998931884766,34.849998474121094,34.869998931884766,5196700,0.0,0.0
2023-08-18,34.599998474121094,35.36000061035156,34.529998779296875,35.2599983215332,4119000,0.0,0.0
2023-08-21,35.349998474121094,35.4900016784668,34.72999954223633,35.04999923706055,3910100,0.0,0.0
2023-08-22,35.040000915527344,35.279998779296875,35.0099983215332,35.18000030517578,4067300,0.0,0.0
2023-08-23,34.86000061035156,35.619998931884766,34.61000061035156,35.459999084472656,4288700,0.0,0.0
2023-08-24,35.189998626708984,35.81999969482422,35.18000030517578,35.22999954223633,4935500,0.0,0.0
2023-08-25,35.59000015258789,35.599998474121094,35.06999969482422,35.38999938964844,3447000,0.0,0.0
2023-08-28,35.400001525878906,36.2400016784668,35.400001525878906,36.0,4512200,0.0,0.0
2023-08-29,36.0,36.220001220703125,35.72999954223633,36.099998474121094,5790700,0.0,0.0
2023-08-30,36.22999954223633,36.41999816894531,35.970001220703125,36.04999923706055,6897800,0.0,0.0
2023-08-31,36.22999954223633,36.33000183105469,35.790000915527344,36.189998626708984,10010600,0.0,0.0
2023-09-01,36.560001373291016,37.22999954223633,36.54999923706055,36.810001373291016,8386300,0.0,0.0
2023-09-05,37.2400016784668,37.58000183105469,37.0,37.06999969482422,9233700,0.0,0.0
2023-09-06,37.0,37.310001373291016,36.81999969482422,37.220001220703125,7775400,0.0,0.0
2023-09-07,37.15999984741211,37.45000076293945,37.060001373291016,37.20000076293945,8073400,0.0,0.0
2023-09-08,37.38999938964844,37.52000045776367,36.88999938964844,36.95000076293945,8085100,0.0,0.0
2023-09-11,37.34000015258789,37.54999923706055,36.47999954223633,36.7400016784668,6655600,0.0,0.0
2023-09-12,37.0099983215332,37.25,36.72999954223633,37.099998474121094,8937300,0.0,0.0
2023-09-13,37.099998474121094,37.130001068115234,36.099998474121094,36.2400016784668,7171100,0.0,0.0
2023-09-14,36.75,36.849998474121094,36.52000045776367,36.68000030517578,6567500,0.0,0.0
2023-09-15,36.5,36.619998931884766,35.970001220703125,36.15999984741211,12204900,0.0,0.0
2023-09-18,36.41999816894531,36.63999938964844,36.119998931884766,36.459999084472656,7906700,0.0,0.0
2023-09-19,36.65999984741211,36.869998931884766,35.88999938964844,36.18000030517578,7427200,0.0,0.0
2023-09-20,36.099998474121094,36.540000915527344,35.790000915527344,35.79999923706055,6240300,0.0,0.0
2023-09-21,35.900001525878906,36.0099983215332,35.04999923706055,35.060001373291016,7114700,0.0,0.0
2023-09-22,35.15999984741211,35.619998931884766,35.15999984741211,35.400001525878906,5006000,0.0,0.0
2023-09-25,35.33000183105469,36.040000915527344,35.310001373291016,35.900001525878906,5353800,0.0,0.0
2023-09-26,35.66999816894531,36.040000915527344,35.619998931884766,35.709999084472656,6450200,0.0,0.0
2023-09-27,36.15999984741211,36.439998626708984,35.79999923706055,36.25,6932300,0.0,0.0
2023-09-28,36.25,36.849998474121094,36.20000076293945,36.59000015258789,5879800,0.0,0.0
2023-09-29,36.540000915527344,36.599998474121094,35.16999816894531,35.31999969482422,8093900,0.0,0.0
2023-10-02,35.20000076293945,35.349998474121094,34.09000015258789,34.560001373291016,6952700,0.0,0.0
2023-10-03,34.31999969482422,34.83000183105469,34.279998779296875,34.529998779296875,5839400,0.0,0.0
2023-10-04,34.040000915527344,34.11000061035156,33.029998779296875,33.13999938964844,7840900,0.0,0.0
2023-10-05,32.880001068115234,33.470001220703125,32.790000915527344,33.349998474121094,6898100,0.0,0.0
2023-10-06,33.369998931884766,33.970001220703125,33.029998779296875,33.72999954223633,6259300,0.0,0.0
2023-10-09,34.84000015258789,34.97999954223633,34.459999084472656,34.79999923706055,6507900,0.0,0.0
2023-10-10,34.7599983215332,35.150001525878906,34.63999938964844,34.900001525878906,6256800,0.0,0.0
2023-10-11,34.56999969482422,34.91999816894531,34.279998779296875,34.900001525878906,3845200,0.0,0.0
2023-10-12,35.29999923706055,35.29999923706055,34.439998626708984,34.77000045776367,3978700,0.0,0.0
2023-10-13,35.36000061035156,35.400001525878906,34.779998779296875,34.849998474121094,6614200,0.0,0.0
2023-10-16,35.099998474121094,35.36000061035156,34.790000915527344,35.16999816894531,5747300,0.0,0.0
2023-10-17,35.02000045776367,35.79999923706055,34.9900016784668,35.61000061035156,4621400,0.0,0.0
2023-10-18,35.790000915527344,36.0099983215332,35.47999954223633,35.720001220703125,5061900,0.0,0.0
2023-10-19,35.58000183105469,36.130001068115234,35.189998626708984,35.58000183105469,4229700,0.0,0.0
2023-10-20,35.45000076293945,35.560001373291016,34.439998626708984,34.84000015258789,5258300,0.0,0.0
2023-10-23,34.650001525878906,35.0,34.40999984741211,34.66999816894531,6111500,0.0,0.0
2023-10-24,34.779998779296875,35.02000045776367,34.380001068115234,34.47999954223633,6887200,0.0,0.0
2023-10-25,34.38999938964844,34.709999084472656,33.959999084472656,34.02000045776367,7625300,0.0,0.0
2023-10-26,34.380001068115234,35.599998474121094,34.22999954223633,35.02000045776367,9540400,0.0,0.0
2023-10-27,35.18000030517578,35.380001068115234,34.720001220703125,34.810001373291016,6111700,0.0,0.0
2023-10-30,35.04999923706055,35.470001220703125,34.70000076293945,34.959999084472656,8112900,0.0,0.0
2023-10-31,35.02000045776367,35.099998474121094,34.150001525878906,34.41999816894531,6800800,0.0,0.0
2023-11-01,34.4900016784668,35.2599983215332,34.27000045776367,34.84000015258789,9178100,0.0,0.0
2023-11-02,35.0,35.709999084472656,34.970001220703125,35.5099983215332,10112400,0.0,0.0
2023-11-03,35.529998779296875,35.540000915527344,34.95000076293945,35.189998626708984,5518000,0.2,0.0
2023-11-06,35.349998474121094,35.650001525878906,34.790000915527344,34.939998626708984,4190700,0.0,0.0
2023-11-07,34.43000030517578,34.58000183105469,33.810001373291016,33.86000061035156,9759200,0.0,0.0
2023-11-08,33.63999938964844,34.189998626708984,33.56999969482422,33.7400016784668,10744900,0.0,0.0
2023-11-09,33.959999084472656,34.15999984741211,33.7599983215332,33.91999816894531,7238600,0.0,0.0
2023-11-10,34.41999816894531,34.5,34.11000061035156,34.34000015258789,10032600,0.0,0.0
2023-11-13,34.33000183105469,34.619998931884766,34.220001220703125,34.470001220703125,7519100,0.0,0.0
2023-11-14,34.689998626708984,34.849998474121094,34.400001525878906,34.70000076293945,12074200,0.0,0.0
2023-11-15,34.52000045776367,35.189998626708984,34.47999954223633,34.65999984741211,8082200,0.0,0.0
2023-11-16,34.369998931884766,34.619998931884766,32.7599983215332,33.2400016784668,7517200,0.0,0.0
2023-11-17,33.68000030517578,33.959999084472656,33.4900016784668,33.709999084472656,7981600,0.0,0.0
2023-11-20,33.79999923706055,34.06999969482422,33.72999954223633,33.869998931884766,7449000,0.0,0.0
2023-11-21,33.79999923706055,34.040000915527344,33.68000030517578,33.90999984741211,7752500,0.0,0.0
2023-11-22,33.25,33.619998931884766,32.790000915527344,33.58000183105469,6071600,0.0,0.0
2023-11-24,33.59000015258789,34.15999984741211,33.59000015258789,33.88999938964844,2408200,0.0,0.0
2023-11-27,33.849998474121094,34.04999923706055,33.4900016784668,33.970001220703125,4431400,0.0,0.0
2023-11-28,34.0,34.209999084472656,33.61000061035156,33.81999969482422,5723700,0.0,0.0
2023-11-29,33.880001068115234,33.970001220703125,33.13999938964844,33.34000015258789,5604400,0.0,0.0
2023-11-30,33.59000015258789,34.189998626708984,33.099998474121094,33.75,9304800,0.0,0.0
2023-12-01,33.66999816894531,34.40999984741211,33.459999084472656,33.790000915527344,5960000,0.0,0.0
2023-12-04,33.529998779296875,33.81999969482422,33.119998931884766,33.75,6720400,0.0,0.0
2023-12-05,33.65999984741211,33.68000030517578,32.689998626708984,32.79999923706055,5627400,0.0,0.0
2023-12-06,32.650001525878906,32.81999969482422,31.65999984741211,31.860000610351562,7469800,0.0,0.0
2023-12-07,32.16999816894531,32.25,31.420000076293945,31.729999542236328,8725800,0.0,0.0
2023-12-08,31.860000610351562,32.279998779296875,31.75,32.2400016784668,8443800,0.0,0.0
2023-12-11,32.47999954223633,32.959999084472656,32.45000076293945,32.5099983215332,6024100,0.0,0.0
2023-12-12,32.20000076293945,32.36000061035156,31.84000015258789,32.29999923706055,5850000,0.0,0.0
2023-12-13,32.34000015258789,32.779998779296875,32.130001068115234,32.599998474121094,7659900,0.0,0.0
2023-12-14,32.9900016784668,33.79999923706055,32.939998626708984,33.540000915527344,7770000,0.0,0.0
2023-12-15,33.47999954223633,33.599998474121094,32.900001525878906,33.58000183105469,19746900,0.0,0.0
2023-12-18,34.349998474121094,34.849998474121094,33.939998626708984,34.06999969482422,5717300,0.0,0.0
2023-12-19,34.2400016784668,34.43000030517578,33.900001525878906,34.06999969482422,6660500,0.0,0.0
2023-12-20,34.13999938964844,34.68000030517578,33.970001220703125,34.029998779296875,4771300,0.0,0.0
2023-12-21,34.029998779296875,34.119998931884766,33.720001220703125,34.040000915527344,5286500,0.0,0.0
2023-12-22,34.38999938964844,34.40999984741211,34.0,34.119998931884766,6369500,0.0,0.0
2023-12-26,34.529998779296875,34.880001068115234,34.45000076293945,34.779998779296875,2872900,0.0,0.0
2023-12-27,34.720001220703125,34.91999816894531,34.439998626708984,34.4900016784668,2961200,0.0,0.0
2023-12-28,34.36000061035156,34.43000030517578,34.099998474121094,34.20000076293945,2928000,0.0,0.0
2023-12-29,34.220001220703125,34.29999923706055,34.0099983215332,34.18000030517578,5068500,0.0,0.0
2024-01-02,34.43000030517578,34.650001525878906,33.7400016784668,33.93000030517578,4721100,0.0,0.0
2024-01-03,34.029998779296875,34.20000076293945,33.790000915527344,33.91999816894531,6801700,0.0,0.0
2024-01-04,34.119998931884766,34.20000076293945,33.189998626708984,33.25,7345200,0.0,0.0
2024-01-05,33.470001220703125,33.54999923706055,33.119998931884766,33.41999816894531,5629300,0.0,0.0
2024-01-08,32.70000076293945,32.77000045776367,31.90999984741211,32.439998626708984,8993500,0.0,0.0
2024-01-09,32.349998474121094,32.380001068115234,31.489999771118164,31.6200008392334,7333600,0.0,0.0
2024-01-10,31.639999389648438,31.639999389648438,30.959999084472656,31.229999542236328,8471200,0.0,0.0
2024-01-11,31.34000015258789,31.5,31.030000686645508,31.170000076293945,8339800,0.0,0.0
2024-01-12,31.690000534057617,31.780000686645508,30.8700008392334,31.520000457763672,12546200,0.0,0.0
